{
    "args": {
        "batch_size": 12,
        "bins": 513,
        "channels": 2,
        "device": "cuda",
        "dur": 256,
        "epochs": 250,
        "fft": 1024,
        "hop": 512,
        "local_rank": 0,
        "lr": 0.001,
        "model": "models/musdb16_model_first",
        "nb_workers": 6,
        "nprocs": null,
        "patience": 80,
        "pretrained": false,
        "root": "DATASET_16kHz_2channels",
        "sample_rate": 16000,
        "samples_per_track": 100,
        "seed": 42,
        "target": "vocals",
        "weight_decay": 1e-05
    },
    "best_epoch": 191,
    "best_loss": 0.09984188374551795,
    "epochs_trained": 250,
    "num_bad_epochs": 59,
    "train_loss_history": [
        0.6333233733668173,
        0.5632045898202369,
        0.5480922032817662,
        0.531691790582965,
        0.5310170415038471,
        0.5202368070467485,
        0.5165518861089786,
        0.5077988902906434,
        0.5046409241658606,
        0.5072333497001971,
        0.5065843874959352,
        0.4382380385764783,
        0.3514093324693916,
        0.342497675016308,
        0.3399970744439452,
        0.34026430403407243,
        0.3352808330109794,
        0.3305683365667895,
        0.3369896380650661,
        0.3294057833227358,
        0.33131117659801845,
        0.32353681546571156,
        0.3247295309179764,
        0.3272048683001769,
        0.3256175387695396,
        0.3276427901512999,
        0.320194817793598,
        0.31717563980221036,
        0.3205157091675831,
        0.31116460026543347,
        0.3112059623914228,
        0.30911612983935954,
        0.31575996989755034,
        0.21754805150283255,
        0.15402789474230447,
        0.1531881837518238,
        0.15356032686571566,
        0.15357801784499944,
        0.15639835446000958,
        0.14990473624845918,
        0.13897219340247716,
        0.13629871723856285,
        0.13302006606879138,
        0.13110721852782248,
        0.1304347720611349,
        0.13558833810056356,
        0.12954650668994627,
        0.1309694539670714,
        0.1282554886055936,
        0.12725800239845075,
        0.12546732924025444,
        0.12691914548369335,
        0.12643211640471178,
        0.12351178082389583,
        0.12428458365756902,
        0.1239456314843693,
        0.1229063770320597,
        0.12504428215950228,
        0.12101550157599562,
        0.1233174363441533,
        0.12397452681023868,
        0.11866123345848038,
        0.12233636693747567,
        0.12046987805247521,
        0.11803970346115619,
        0.12282905745491993,
        0.12093613527679473,
        0.11817029674204706,
        0.11945678514587008,
        0.1188156509903713,
        0.11893368947009246,
        0.11706389106890495,
        0.11738671601149175,
        0.11793371948817793,
        0.1157762162480615,
        0.11969060359223427,
        0.11944266982215772,
        0.11714377056592874,
        0.12029389698031566,
        0.11908721362131176,
        0.11480063699159047,
        0.11255693192899728,
        0.11182914841786135,
        0.11271641738221443,
        0.11083600094331969,
        0.11234562879325531,
        0.10974816359776102,
        0.11238896896352442,
        0.10922924823594465,
        0.11149315544062381,
        0.10885120352631886,
        0.11119143721788265,
        0.10824844441030451,
        0.10927039383166878,
        0.11110686316608274,
        0.10907598875900752,
        0.1103123155505144,
        0.10896754186774651,
        0.10822377299411977,
        0.1093972608027198,
        0.10759249193218651,
        0.10722375533273287,
        0.10966189458019299,
        0.1098692033839651,
        0.10682526493011761,
        0.10561980173992311,
        0.10680939713425988,
        0.10815129477789791,
        0.10773532830594147,
        0.10707081802193817,
        0.10685708349887774,
        0.10696377321224597,
        0.1067251050241774,
        0.1073417131871664,
        0.10655107134305458,
        0.10546839766749304,
        0.10847914816333735,
        0.10563408072403581,
        0.10668799765318704,
        0.10529516361948611,
        0.10648242667388859,
        0.10477312541805761,
        0.10385691893132899,
        0.10571625740747514,
        0.10555235242998179,
        0.10479316566300263,
        0.10335402300902943,
        0.10422245241764137,
        0.10302886356793933,
        0.10360013014007119,
        0.10489097751601101,
        0.10360410919176231,
        0.10571435280814231,
        0.1032022885471243,
        0.10210690693371445,
        0.10622464037082678,
        0.10369603032116695,
        0.10510337767939416,
        0.10505182783586159,
        0.10489446800023461,
        0.10286367336417632,
        0.10507806192645781,
        0.10368787583602454,
        0.10462446914476564,
        0.10436929490895187,
        0.10485388074356089,
        0.10358069493040013,
        0.10404035250312366,
        0.10400947554671257,
        0.10335780875601,
        0.10240111851336645,
        0.10443398777877899,
        0.10432021245829386,
        0.10383666827895051,
        0.10453886432546398,
        0.10476354666710865,
        0.10424428758919417,
        0.10510168121502304,
        0.10322362194239772,
        0.10241192929687903,
        0.10168811063699836,
        0.1030911684083156,
        0.1030673047436102,
        0.10246812306429377,
        0.10328634960098947,
        0.10080319467476374,
        0.10100222538433058,
        0.1025926201030326,
        0.10287829676567078,
        0.10105823980849817,
        0.10249426004385276,
        0.10195537698756663,
        0.10172535949085149,
        0.10295392289797929,
        0.10208620306336694,
        0.10186672593942649,
        0.10293574764212365,
        0.10207497051970618,
        0.1023514223322987,
        0.10139430072314912,
        0.10223643132987961,
        0.10230529040312596,
        0.10257582430006396,
        0.1029802766808351,
        0.10214529916023214,
        0.10159975900683257,
        0.10282093644526294,
        0.10484172276509322,
        0.10233122502326322,
        0.10288883015352616,
        0.09984188374551795,
        0.10142370142998526,
        0.102458232609506,
        0.10120060233448407,
        0.10207169082538366,
        0.10124520097392425,
        0.10184403465127202,
        0.10139486748290782,
        0.10051336147424897,
        0.1021853605044081,
        0.10179128646582579,
        0.10309384177311612,
        0.10271638566829103,
        0.10057984838347069,
        0.103557212365349,
        0.10329084964000064,
        0.10165855270750124,
        0.10328392379267289,
        0.10263149716670243,
        0.1017732756006882,
        0.1037152226493924,
        0.10153239173032969,
        0.10134894870293083,
        0.10197120078345782,
        0.10193272541015805,
        0.10190525634451021,
        0.10196995801835072,
        0.10212733146814938,
        0.10085228247550145,
        0.10236355574573759,
        0.10148561230639545,
        0.10282380186686878,
        0.10257404669672608,
        0.10383649455713961,
        0.1028623780776128,
        0.10234709469851651,
        0.10226457437435589,
        0.1023505920805573,
        0.10215698948858096,
        0.10267236843097696,
        0.10088722470743533,
        0.10146384044802732,
        0.10156358596902314,
        0.10173442803336669,
        0.10154920077170257,
        0.10201660888961894,
        0.10270645127942164,
        0.10216340977236253,
        0.10193595879351636,
        0.10002243261096432,
        0.10353239072482291,
        0.10216454618300001,
        0.10123942838646739,
        0.1011392818618682,
        0.10138386010574243,
        0.10186467904706957,
        0.10278408762348963,
        0.10343141978432377,
        0.10176327361834707,
        0.10160495022789752
    ]
}